1,ALKALERI,98
2,BIRIN/ GIGARA/ YANKARI,98
3,DAN KUNGIBAR,98
4,FUTUK,98
5,GAR,98
6,GWANA / MANSUR,98
7,GWARAM,98
8,MAIMADI,98
9,PALI,98
10,YALO,98
11,YULI/ LIM,98
12,BIRSHI/MIRI,99
13,DANDANGO/YAMRAT,99
14,DANIYA HARDO,99
15,DAWAKI,99
16,GALAMBI/GWASKWARAM,99
17,KANGYARE/TURWUN,99
18,KUNDUM/DURUM,99
19,MAJIDADI A,99
20,MAJIDADI B,99
21,MAKAMA/SARKI BAKI,99
22,MUN/MUNSAL,99
23,ZUNGUR/LIMAN  KATAGUM,99
24,B O I A,100
25,B O I B,100
26,B O I C,100
27,BOGORO A,100
28,BOGORO B,100
29,BOGORO C,100
30,BOGORO D,100
31,LUSA  A,100
32,LUSA  B,100
33,LUSA  C,100
34,DAGAUDA,101
35,DAMBAM,101
36,GARGAWA,101
37,GARUZA,101
38,GURBANA,101
39,JALAM CENTRAL,101
40,JALAM EAST,101
41,YAME,101
42,YANDA,101
43,ZAURA,101
44,DARAZO,102
45,GABARIN,102
46,GABCIYARI,102
47,KONKIYAL,102
48,LAGO,102
49,LANZAI,102
50,PAPA,102
51,SADE,102
52,TAUYA,102
53,WAHU,102
54,YAUTARE,102
55,BAGEL/BAJAR,103
56,BARAZA,103
57,BUNDOT,103
58,BUNUNU CENTRAL,103
59,BUNUNU SOUTH,103
60,DOTT,103
61,DURR,103
62,POLCHI,103
63,WANDI,103
64,ZUMBUL/LUKSHI,103
65,GANJUWA,104
66,GUNGURA,104
67,KAFIN MADAKI,104
68,KARIYA,104
69,KUBI EAST,104
70,KUBI WEST,104
71,MIYA  EAST,104
72,MIYA  WEST,104
73,NASARAWA  SOUTH,104
74,NASARAWA NORTH,104
75,YALI,104
76,CHINKANI,105
77,DOGUWA  SOUTH,105
78,DOGUWA CENTRAL,105
79,GIADE,105
80,ISAWA,105
81,SABON SARA,105
82,U.  ZUM A,105
83,UZUM B,105
84,ZABI,105
85,ZIRRAMI,105
86,ABDALLAWA/MAGARYA,106
87,BAMBAL,106
88,BILKICHERI,106
89,BUZAWA,106
90,GADAU,106
91,GWARAI,106
92,ITAS,106
93,KASHURI,106
94,MASHEMA,106
95,ZUBUKI,106
96,DOGON JEJI A,107
97,DOGON JEJI B,107
98,DOGON JEJI C,107
99,GALDIMARI,107
100,HANAFARI,107
101,JAMAARE A,107
102,JAMAARE B,107
103,JAMAARE C,107
104,JAMAARE D,107
105,JURARA,107
106,BULKACHUWA/DAGARO,108
107,BUSKURI,108
108,CHINADE,108
109,GAMBAKI/BIDIR,108
110,MADACHI/GANGAI,108
111,MADANGALA,108
112,MADARA,108
113,NASARAWA BAKIN KASUWA,108
114,RAGWAM/MAGONSHI,108
115,TSAKUWA KOFAR GABAS/ KOFAR KUKA,108
116,YAYU,108
117,BADARA,109
118,BARA,109
119,BENI A,109
120,BENI B,109
121,DEWU CENTRAL,109
122,DEWU EAST,109
123,KIRFI,109
124,SHANGO,109
125,TUBULE,109
126,WANKA,109
127,AJILIN/GUGULIN,110
128,BETI,110
129,GWARAM,110
130,HARDAWA,110
131,JARKASA,110
132,KUKADI/GUNDARI,110
133,SARMA/AKUYAM,110
134,SIRKO,110
135,TOFU,110
136,ZADAWA,110
137,BALMA,111
138,BASHE,111
139,BURRA / KYATA,111
140,DINGIS,111
141,JANGU,111
142,KUDU / YAMMA,111
143,KURMI,111
144,NASARU,111
145,NINGI,111
146,SAMA,111
147,TIFFI / GUDA,111
148,ANDUBUN,112
149,BELI/GAGIDABA,112
150,BUKUL/BANGIRE,112
151,DISINA,112
152,FAGGO,112
153,KILBORI,112
154,SAMBUWAL,112
155,SHIRA,112
156,TSAFI,112
157,TUMFAFI,112
158,ZUBO,112
159,BALL,113
160,BULA,113
161,BUNUNU,113
162,DAJIN,113
163,DULL,113
164,KARDAM A,113
165,KARDAM B,113
166,LERE  SOUTH,113
167,LERE NORTH,113
168,TAPSHIN,113
169,WAI,113
170,JAMAA / ZARANDA,114
171,LAME,114
172,MARA / PALAMA,114
173,RAHAMA,114
174,RAUTA / GEJI,114
175,RIBINA,114
176,TAMA,114
177,TILDEN FULANI,114
178,TORO / TULAI,114
179,WONU,114
180,ZALAU / RISHI,114
181,BAIMA  SOUTH/EAST,115
182,BAIMA NORTH / WEST,115
183,DAGU EAST,115
184,DAGU WEST,115
185,GABANGA,115
186,KATANGA,115
187,KILBORI,115
188,RANGAN,115
189,TIYIN,115
190,TUDUN WADA WEST,115
191,ALANGAWARI / KAFIN / LARABAWA,116
192,BURSALI,116
193,GUMAI,116
194,KATAGUM,116
195,MAINAKO,116
196,MAIWA,116
197,MAKAWA,116
198,MURMUR  SOUTH,116
199,MURMUR NORTH,116
200,SAKWA,116
201,TASHENA / GADAI,116
202,AUCHAN,345
203,IKARA,345
204,JANFALA,345
205,K/KOGI,345
206,KUYA,345
207,PAKI,345
208,PALA,345
209,RUMI,345
210,SAULAWA,345
211,SAYA-SAYA,345
212,CHORI,346
213,DADDU,346
214,DURA/BITARO,346
215,FADA,346
216,FAI,346
217,NDUYAH,346
218,NOK,346
219,SABCHEM,346
220,SABZURO,346
221,SAMBAM,346
222,ASSO,347
223,ATUKU,347
224,BEDDE,347
225,GIDAN WAYA,347
226,GODOGODO,347
227,JAGINDI,347
228,KAFANCHAN A,347
229,KAFANCHAN B,347
230,KAGOMA,347
231,KANINKON,347
232,MAIGIZO A,347
233,TAKAU B,347
234,AGUNU,348
235,ANKWA,348
236,AWON,348
237,BISHINI,348
238,DOKA,348
239,GIDAN TAGWAI,348
240,GUMEL,348
241,KACHIA URBAN,348
242,KATARI,348
243,KURMIN MUSA,348
244,KWATURU,348
245,SABON SARKI,348
246,BADARAWA,349
247,GABASAWA,349
248,GAJI,349
249,HAYIN BANKI,349
250,KABALA COSTAIN/ DOKI,349
251,KAWO,349
252,MAIBURJI,349
253,SHABA,349
254,UNGUWAN DOSA,349
255,UNGUWAN LIMAN,349
256,UNGUWAN SARKI,349
257,UNGUWAN SHANU,349
258,BADIKO,350
259,BARNAWA,350
260,KAKURI GWARI,350
261,KAKURI HAUSA,350
262,MAKERA,350
263,SABON GARI NORTH,350
264,SABON GARI SOUTH,350
265,TELEVISION,350
266,TUDUN NUWAPA,350
267,TUDUN WADA NORTH,350
268,TUDUN WADA SOUTH,350
269,TUDUN WADA WEST,350
270,UNG. SANUSI,350
271,ARIBI,351
272,IDDAH,351
273,JERE NORTH,351
274,JERE SOUTH,351
275,KAGARKO NORTH,351
276,KAGARKO SOUTH,351
277,KATUGAL,351
278,KUKUI,351
279,KURMIN JIBRIN,351
280,KUSHE,351
281,AFOGO,352
282,BUDA,352
283,IDON,352
284,KAJURU,352
285,KALLAH,352
286,KASUWAN MAGANI,352
287,KUFANA,352
288,MARO,352
289,RIMAU,352
290,TANTATU,352
291,AGBAN,353
292,BONDON,353
293,FADA,353
294,KADARKO,353
295,KAURA,353
296,KPAK,353
297,KUKUM,353
298,MALLAGUM,353
299,MANCHOK,353
300,ZANKAN,353
301,BADURUM SAMA,354
302,BITAL,354
303,DAMAKASUWA,354
304,DAWAKI,354
305,GESHERE,354
306,KAMARU,354
307,KAURU EAST,354
308,KAURU WEST,354
309,KWASSAM,354
310,MAKAMI,354
311,PARI,354
312,ANCHAU,355
313,DAMAU,355
314,DUTSEN WAI,355
315,HASKIYA,355
316,KARGI,355
317,KARREH,355
318,KUBAU,355
319,MAH,355
320,PAMBEGUA,355
321,ZABI,355
322,ZUNTU,355
323,DOKA,356
324,GARU,356
325,HUNKUYI,356
326,KAURAN WALI NORTH,356
327,KAURAN WALI SOUTH,356
328,KUDAN,356
329,LIKORO,356
330,SABON GARI HUNKUYI,356
331,TABAN SANI,356
332,ZABI,356
333,ABADAWA,357
334,DAN ALHAJI,357
335,GARU,357
336,GURE/KAHUGU,357
337,KAYARDA,357
338,LAZURU,357
339,LERE,357
340,RAMIN KURA,357
341,SABON BIRNIN,357
342,SAMINAKA,357
343,YAR KASUWA,357
344,DANDAMISA,358
345,DANGUZIRI,358
346,GAZARA,358
347,GIMI,358
348,GUBUCHI,358
349,GWANKI,358
350,MAKARFI,358
351,MAYERE,358
352,NASSARWAN DOYA,358
353,TUDUN WADA,358
354,BASAWA,359
355,BOMO,359
356,CHIKAJI,359
357,DOGARAWA,359
358,HANWA,359
359,JAMAA,359
360,JUSHIN WAJE,359
361,MUCHIA,359
362,SAMARU,359
363,UNGUWAN GABAS,359
364,ZABI,359
365,ABORO,360
366,ARAK,360
367,AYU,360
368,BOKANA,360
369,FADAN KARSHI,360
370,GWANTU,360
371,NANDU,360
372,NINZAM NORTH,360
373,NINZAM SOUTH,360
374,NINZAM WEST,360
375,WASA STATION,360
376,DAN WATA,361
377,GAMAGIRA,361
378,GARUN GWANKI,361
379,GIMBA,361
380,KINKIBA,361
381,KWASSALLO,361
382,MAIGANA,361
383,RAHAMA,361
384,RICHIFA,361
385,SOBA,361
386,TURAWA,361
387,GIDAN JATAU,362
388,GORA,362
389,KAMANTAN,362
390,KAMURU IKULU NORTH,362
391,MADAKIYA,362
392,UNGUWAR GAIYA,362
393,UNGUWAR RIMI,362
394,ZAMAN DABO,362
395,ZANGO URBAN,362
396,ZONKWA,362
397,ZONZON,362
398,DAMBO,363
399,DUTSEN ABBA,363
400,GYALLESU,363
401,KAURA,363
402,KUFENA,363
403,KWARBAI A,363
404,KWARBAI B,363
405,LIMANCIN-KONA,363
406,TUDUN WADA,363
407,TUKUR TUKUR,363
408,UNG. FATIKA,363
409,UNG. JUMA,363
410,WUCICCIRI,363
411,AJINGI,364
412,BALARE,364
413,CHULA,364
414,DABIN KANAWA,364
415,DUNDUN,364
416,GAFASA,364
417,GURDUBA,364
418,KUNKURAWA,364
419,TORANKE,364
420,UNGAWAR BAI,364
421,ALBASU CENTRAL,365
422,BATAIYA,365
423,CHAMARANA,365
424,DAHO,365
425,FANDA,365
426,FARAGAI,365
427,GAGARAME,365
428,HUNGU,365
429,SAYA-SAYA,365
430,TSANGAYA,365
431,BAGWAI,366
432,DANGADA,366
433,GADANYA,366
434,GOGORI,366
435,KIYAWA,366
436,KWAJALI,366
437,RIMIN DAKO,366
438,ROMO,366
439,SARE-SARE,366
440,WURO BAGGA,366
441,ANADARIYA,367
442,BAGUDA,367
443,BEBEJI,367
444,DAMAU,367
445,DURMAWA,367
446,GARGAI,367
447,GWARMAI,367
448,KOFA,367
449,KUKI,367
450,RAHAMA,367
451,RANKA,367
452,RANTAN,367
453,TARIWA,367
454,WAK,367
455,BADUME,368
456,BICHI,368
457,DANZABUWA,368
458,FAGOLO,368
459,KAUKAU,368
460,KWAMARAWA,368
461,KYALLI,368
462,MUNTSIRA,368
463,SAYE,368
464,WAIRE,368
465,YALLAMI,368
466,BARKUM,369
467,BONO,369
468,BUNKURE,369
469,CHIRIN,369
470,GAFAN,369
471,GURJIYA,369
472,GWAMMA,369
473,KULLUWA,369
474,KUMURYA,369
475,SANDA,369
476,ADAKAWA,370
477,BAKIN RUWA,370
478,DALA,370
479,DOGON NAMA,370
480,GOBIRAWA,370
481,GWAMMAJA,370
482,KABUWAYA,370
483,KANTUDU,370
484,KOFAR MAZUGAL,370
485,KOFAR RUWA,370
486,MADIGAWA,370
487,YALWA,370
488,AJUMAWA,371
489,DANBATTA EAST,371
490,DANBATTA WEST,371
491,FAGWALAWA,371
492,GORON MAJE,371
493,GWANDA,371
494,GWARABJAWA,371
495,KORE,371
496,SAIDAWA,371
497,SANSAN,371
498,DABAR KWARI,372
499,DANBAGIWA,372
500,DAWAKI,372
501,DAWAKIJI,372
502,DOSAN,372
503,GANO,372
504,GURJIYA,372
505,JIDO,372
506,TAMBURAWA,372
507,TSAKUWA,372
508,UNGUWAR DUNIYA,372
509,YANBARAU,372
510,YANKATSARI,372
511,YARGAYA,372
512,ZOGARAWA,372
513,DAN GUGUWA,373
514,DAWAKI EAST,373
515,DAWAKI WEST,373
516,DAWANAU,373
517,GANDUJE,373
518,GARGARI,373
519,JALLI,373
520,KWA,373
521,MARKE,373
522,TATTARAWA,373
523,TUMFAFI,373
524,DARIYA,374
525,DOGON KAWO,374
526,DUGUWA,374
527,FALGORE,374
528,MARAKU,374
529,RAGADA,374
530,RIRIWAI,374
531,TAGWAYE,374
532,UNGUWAR NATSOHUWA,374
533,ZAINABI,374
534,FAGGE A,375
535,FAGGE B,375
536,FAGGE C,375
537,FAGGE D,375
538,FAGGE E,375
539,KWACHIRI,375
540,RIJIYAR LEMO,375
541,SABONGARI EAST,375
542,SABONGARI WEST,375
543,YAMMATA,375
544,GABASAWA,376
545,GARUN DANGA,376
546,JODA,376
547,KARMAKI,376
548,MEKIYA,376
549,TARAUNI,376
550,YANTAR AREWWA,376
551,YAUTAR KUDU,376
552,YUMBU,376
553,ZAKIRAI,376
554,ZUGACHI,376
555,DAL,377
556,GARIN ALI,377
557,GARKO,377
558,GURJIYA,377
559,KAFIN MALAMAI,377
560,KATUMARI,377
561,KWAS,377
562,RABA,377
563,SARINA,377
564,ZAKARAWA,377
565,CHIROMAWA,378
566,DORAWAR-SALLAU,378
567,FANKURUN,378
568,GARUN BABBA,378
569,GARUN MALAM,378
570,JOBAWA,378
571,KADAWA,378
572,MAKWARO,378
573,YAD AKWARI,378
574,YALWAN  YADAKWARI,378
575,BALAN,380
576,GAMARYA,380
577,GAMOJI,380
578,GAYA AREWA,380
579,GAYA KUDU,380
580,KADEMI,380
581,KAZURAWA,380
582,MAIMAKAWA,380
583,SHAGOGO,380
584,WUDILAWA,380
585,BABAWA,381
586,GAWO,381
587,GEZAWA,381
588,JOGANA,381
589,KETAWA,381
590,MESAR-TUDU,381
591,SARARIN-GEZAWA,381
592,TSAMIYA-BABBA,381
593,TUMBAU,381
594,WANGARA,381
595,ZANGO,381
596,DANDAGO,382
597,DISO,382
598,DORAYI,382
599,GALADANCHI,382
600,GORON DUTSE,382
601,GWALE,382
602,GYARANYA,382
603,KABUGA,382
604,MANDAWARI,382
605,SANI MAI MAGGE,382
606,GETSO,383
607,GWARZO,383
608,JAMA A,383
609,KARA,383
610,KUTAMA,383
611,LAKWAYA,383
612,MADADI,383
613,MAINIKA,383
614,SABON BIRNI,383
615,UNGUWAR TUDU,383
616,DUGABAU,384
617,DURUN,384
618,GAMMO,384
619,GARO,384
620,GODIYA,384
621,GUDE,384
622,HAUWADE,384
623,KABO,384
624,KANWA,384
625,MASANAWA,384
626,CHEDI,385
627,DANAGUNDI,385
628,GANDUN ALBASA,385
629,JAKARA,385
630,KANKAROFI,385
631,SHAHUCHI,385
632,SHARADA,385
633,SHESHE,385
634,TUDUN NUFAWA,385
635,TUDUN WAZIRCHI,385
636,YAKASAI,385
637,ZAITAWA,385
638,ZANGO,385
639,DAURA,386
640,KAFIN DAFGA,386
641,KARAYE,386
642,KURUGU,386
643,KWANYAWA,386
644,TUDUN KAYA,386
645,TURAWA,386
646,UNGUWAR HAJJI,386
647,YAMMEDI,386
648,YOLA,386
649,DURBA,387
650,FAMMAR,387
651,FASSI,387
652,KADIGAWA,387
653,KAHU,387
654,KIBIYA  I,387
655,KIBIYA II,387
656,NARIYA,387
657,TARAI,387
658,UNGUWAR GAI,387
659,BAAWA,388
660,BADAFI,388
661,BARGONI,388
662,BAUDA,388
663,DANGORA,388
664,DANSOHIYA,388
665,DASHI,388
666,GALADIMAWA,388
667,KIRU,388
668,KOGO,388
669,MARAKU,388
670,TSAUDAWA,388
671,YAKO,388
672,YALWA,388
673,ZUWO,388
674,CHALLAWA,389
675,CHIRANCHI,389
676,DANBARE,389
677,DANMALIKI,389
678,GURINGAWA,389
679,KUMBOTSO,389
680,KUREKEN SANI,389
681,MARIRI,389
682,NAIBAWA,389
683,PANSHEKARA,389
684,UNGUWAR RIMI,389
685,BUMAI,390
686,GARIN SHEME,390
687,GWARMAI,390
688,KASUWAR KUKA,390
689,KUNCHI,390
690,MATAN FADA,390
691,RIDAWA,390
692,SHAMAKAWA,390
693,SHUWAKI,390
694,YANDADI,390
695,DALILI,391
696,DAN HASSAN,391
697,DUKAWA,391
698,GUNDUTSE,391
699,KARFI,391
700,KOSAWA,391
701,KURA,391
702,KURUNSUMAU,391
703,RIGAR DUKA,391
704,TANAWA,391
705,BURJI,392
706,CINKOSO,392
707,GALINJA,392
708,GORA,392
709,KAFIN AGUR,392
710,KANWA,392
711,KAURA MATA,392
712,KUBARACI,392
713,KWANKWASO,392
714,MADOBI,392
715,RIKADAWA,392
716,YAKUN,392
717,BABBAR RIGA,393
718,DURMA,393
719,JIBGA,393
720,KADANDANI,393
721,KOGUNA,393
722,KOREN TATSO,393
723,MAITSIDAU,393
724,MAKODA,393
725,SATAME,393
726,TANGAJI,393
727,WAILARE,393
728,AZORE,394
729,GANDURWAWA,394
730,KANTAMA,394
731,KUNYA,394
732,KURU,394
733,KWARKIYA,394
734,MINJIBIR,394
735,SARBI,394
736,TSAKIYA,394
737,TSAKUWA,394
738,WASAI,394
739,DAKATA,395
740,GAMA,395
741,GAWUNA,395
742,GIGINYU,395
743,GWAGWARWA,395
744,HOTORO NORTH,395
745,HOTORO SOUTH,395
746,KAURA GOJE,395
747,KAWAJI,395
748,TUDUN MURTALA,395
749,TUDUN WADA,395
750,DAWAKI,396
751,LAUSU,396
752,MADACHI,396
753,RANO,396
754,RURUM SABON-GARI,396
755,RURUM TSOHON-GARI,396
756,SAJI,396
757,YALWA,396
758,ZINYAU,396
759,ZURGU,396
760,BUTU-BUTU,397
761,DAWAKI GULU,397
762,DOKA DAWA,397
763,DUGURAWA,397
764,GULU,397
765,JILI,397
766,KAROFIN YASHI,397
767,RIMIN GADO,397
768,SAKARATSA,397
769,TAMAWA,397
770,YALWAN DANZIYAL,397
771,ZANGO DAN ABDU,397
772,BELI,398
773,FALGORE,398
774,FULATAN,398
775,GWANGWAN,398
776,JAJAYE,398
777,ROGO RUMA,398
778,ROGO SABON GARI,398
779,RUWAN BAGO,398
780,ZAREWA,398
781,ZOZA,398
782,ALAJAWA,399
783,DUTSEN-BAKOSHI,399
784,FARURUWA,399
785,GORON DUTSE,399
786,KADAMU,399
787,KOKIYA,399
788,LENI,399
789,SHAKOGI,399
790,SHANONO,399
791,TSAURE,399
792,GALA,400
793,GANI,400
794,GARFA,400
795,GEDIYA,400
796,KANAWA,400
797,MAGAMI,400
798,MASU,400
799,RIMI,400
800,RUMO,400
801,SITTI,400
802,SUMAILA,400
803,BAGWARO,401
804,DURBUNDE,401
805,FAJEWA,401
806,FALALI,401
807,FARURUWA,401
808,KACHAKO,401
809,KARFI,401
810,KUKA,401
811,TAKAI,401
812,ZUGA,401
813,BABBAN GIJI,402
814,DARMANAWA,402
815,DAURAWA,402
816,GYADI-GYADI AREWA,402
817,GYADI-GYADI KUDU,402
818,HOTORO (NNPC),402
819,KAUYEN  ALU,402
820,TARAUNI,402
821,UNGUWA  UKU,402
822,UNGUWAR GANO,402
823,DINDERE,403
824,DOKA,403
825,GAJIDA,403
826,GINSAWA,403
827,JANGUZA,403
828,JAUBEN KUDU,403
829,KWAMI,403
830,LAMBU,403
831,LANGEL,403
832,TOFA,403
833,UNGUWAR RIMI,403
834,WANGARA,403
835,YALWA KARAMA,403
836,YANOKO,403
837,YARIMAWA,403
838,DADDARAWA,404
839,DUNBULUN,404
840,GOZAKI,404
841,GURUN,404
842,KABAGIWA,404
843,TATSAN,404
844,TSANYAWA,404
845,YANGANAU,404
846,YANKAMAYE,404
847,ZAROGI,404
848,BABURI,405
849,BURUMBURUM,405
850,DALAWA,405
851,JANDUTSE,405
852,JITA,405
853,KAREFA,405
854,NATAALA,405
855,SABON GARI,405
856,SHUWAKI,405
857,TSOHOGARI,405
858,YARYASA,405
859,BACHIRAWA,406
860,GAYAWA,406
861,KADAWA,406
862,KARO,406
863,PANISAU,406
864,RANGAZA,406
865,RIJIYAR ZAKI,406
866,TUDUN FULANI,406
867,UNGOGO,406
868,YADAKUNYA,406
869,ZANGO,406
870,AMARAWA,407
871,DANLASAN,407
872,GARIN DAU,407
873,GOGEL,407
874,IMAWA,407
875,J/GALADIMA,407
876,JEMAGU,407
877,JIGAWA,407
878,KATARKAWA,407
879,MADARI MATA,407
880,TAMBURAWAR GABAS,407
881,TANGAR,407
882,WARAWA,407
883,YAN DALLA,407
884,YANGIZO,407
885,ACHIKA,408
886,DAGUMAWA,408
887,DANKAZA,408
888,DARKI,408
889,INDABO,408
890,KAUSANI,408
891,LAJAWA,408
892,SABON GARI,408
893,UTAI,408
894,WUDIL,408
895,BAKORI A,409
896,BAKORI B,409
897,BARDE/KWANTAKWARAN,409
898,DAWAN MUSA,409
899,GUGA,409
900,JARGABA,409
901,KABOMO,409
902,KAKUMI,409
903,KANDARAWA,409
904,KURAMI/YANKWANI,409
905,TSIGA,409
906,AJIWA,410
907,BAKIYAWA,410
908,BARAWA,410
909,BATAGARAWA A,410
910,BATAGARAWA B,410
911,DANDAGORO,410
912,JINO,410
913,KAYAUKI,410
914,TSANNI,410
915,YARGAMJI,410
916,ABADAU/KAGARA,411
917,BATSARI,411
918,DAN. ALH/YANGAIYA,411
919,DARINI/MAGAJI/ABU,411
920,KANDAWA,411
921,KARARE,411
922,MADOGARA,411
923,MANAWA,411
924,RUMA,411
925,WAGINI,411
926,YAUYAU/MALLAMAWA,411
927,AGALA,412
928,BABBAN MUTUM,412
929,BAURE,412
930,GARKI,412
931,HUI,412
932,KAGARA/FASKI,412
933,MAI BARA,412
934,MUDURI,412
935,TARAMNAWA/BARE,412
936,UNGUWAR RAI,412
937,YANDUNA,412
938,YANMAULU,412
939,BAURE,413
940,BINDAWA,413
941,DORO,413
942,FARU/DALLAJI,413
943,GAIWA,413
944,GIREMAWA,413
945,"JIBAWA/R,BADE",413
946,KAMRI,413
947,SHIBDAWA,413
948,TAMA/DAYE,413
949,YANGORA,413
950,BANYE,414
951,CHARANCHI,414
952,DOKA,414
953,GANUWA,414
954,KODA,414
955,KURAYE,414
956,MAJEN WAYYA,414
957,RADDA,414
958,SAFANA,414
959,TSAKATSA,414
960,DANDUME A,415
961,DANDUME B,415
962,DANTANKARI,415
963,MAGAJI WANDO A,415
964,MAGAJI WANDO B,415
965,MAHUTA A,415
966,MAHUTA B,415
967,MAHUTA C,415
968,NASARAWA,415
969,TUMBURKAI A,415
970,TUMBURKAI B,415
971,DABAI,416
972,DANJA A,416
973,DANJA B,416
974,JIBA,416
975,KAHUTU A,416
976,KAHUTU B,416
977,TANDAMA,416
978,TSANGAMAWA,416
979,YAKAJI A,416
980,YAKAJI B,416
981,DAN ALI,417
982,DAN ALKIMA,417
983,DAN MUSA A,417
984,DAN MUSA B,417
985,DANDIRE A,417
986,DANDIRE B,417
987,MAI DABINO A,417
988,MAI DABINO B,417
989,MARA,417
990,YAN-TUMAKI A,417
991,YAN-TUMAKI B,417
992,KUSUGU,418
993,MADOBI A,418
994,MADOBI B,418
995,MAZOJI A,418
996,MAZOJI B,418
997,SABON GARI,418
998,SARKIN YARA A,418
999,SARKIN YARA B,418
1000,TUDUN WADA,418
1001,UBANDAWAKI A,418
1002,UNBADAWAKI B,418
1003,DAN AUNAI,419
1004,DUTSI A,419
1005,DUTSI B,419
1006,KAYAWA,419
1007,RUWANKAYA A,419
1008,RUWANKAYA B,419
1009,SIRIKA A,419
1010,SIRIKA B,419
1011,YAMEL A,419
1012,YAMEL B,419
1013,BAGAGADI,420
1014,DABAWA,420
1015,DUTSIN-MA A,420
1016,DUTSIN-MA B,420
1017,KAROFI A,420
1018,KAROFI B,420
1019,KUKI A,420
1020,KUKI B,420
1021,KUTAWA,420
1022,MAKERA,420
1023,SHEMA,420
1024,DAUDAWA,421
1025,FASKARI,421
1026,MAIGORA,421
1027,MAIRUWA,421
1028,RUWAN GODIYA,421
1029,SABONLAYI/GALADIMA,421
1030,SHEME,421
1031,TAFOKI,421
1032,YANKARA,421
1033,YARMALAMAI,421
1034,DANDUTSE,422
1035,DUKKE,422
1036,GOYA,422
1037,MAI GAMJI,422
1038,MAKERA,422
1039,MASKA,422
1040,SABON GARI,422
1041,TUDUN IYA,422
1042,UNG IBRAHIM,422
1043,UNGUWAR MUSA,422
1044,UNGUWAR RABIU,422
1045,AGAYAWA,423
1046,BARERUWA/RURUMA,423
1047,BIDORE/YAYA,423
1048,DARA,423
1049,DAUNAKA/B.KWARI,423
1050,DUGUL,423
1051,INGAWA,423
1052,JOBE/KANDAWA,423
1053,KURFEJI/YANKAURA,423
1054,MANOMAWA/KAFI,423
1055,YANDOMA,423
1056,BUGAJE,424
1057,FARFARU,424
1058,FARU,424
1059,G/BAURE/MALLAMAWA,424
1060,GANGARA,424
1061,JIBIA A,424
1062,JIBIA B,424
1063,KUSA,424
1064,MAZANYA/MAGAMA,424
1065,RIKO,424
1066,YANGAIYA,424
1067,DANTUTTURE,425
1068,DUTSIN KURA/KANYA,425
1069,GAMZAGO,425
1070,GOZAKI,425
1071,KAFUR,425
1072,MAHUTA,425
1073,MASARI,425
1074,SABUWAR KASA,425
1075,YARI BORI,425
1076,YARTALATA/RIGOJI,425
1077,ABDALLAWA,426
1078,BAAWA,426
1079,DANKABA,426
1080,DANKAMA,426
1081,GAFIYA,426
1082,GIRKA,426
1083,KAITA,426
1084,MATSAI,426
1085,YANDAKI,426
1086,YANHOHO,426
1087,BURDUGAU,427
1088,DAN MURABU,427
1089,DANMAIDAKI,427
1090,GARAGI,427
1091,GATAKAWA S/GARI/MABAI,427
1092,HURYA,427
1093,KANKARA A&B,427
1094,KUKASHEKA,427
1095,PAUWA A&B,427
1096,WAWAR KAZA,427
1097,ZANGO/ZABARO,427
1098,GACHI,428
1099,GALADIMA A,428
1100,GALADIMA B,428
1101,KAFIN DANGI/FAKUWA,428
1102,KAFINSOLI,428
1103,KUNDURU/GYAZA,428
1104,MAGAM/TSA,428
1105,RIMAYE,428
1106,SUKUNTUNI,428
1107,TAFASHIYA/NASARAWA,428
1108,KANGIWA,429
1109,SHINKAFI A,429
1110,SHINKAFI B,429
1111,WAKILI KUDU III,429
1112,WAKILIN AREWA (A),429
1113,WAKILIN AREWA (B),429
1114,WAKILIN GABAS I,429
1115,WAKILIN GABAS II,429
1116,WAKILIN KUDU I,429
1117,WAKILIN KUDU II,429
1118,WAKILIN YAMMA I,429
1119,WAKILIN YAMMA II,429
1120,BARKIYYA,430
1121,BIRCHI,430
1122,KURFI A,430
1123,KURFI B,430
1124,RAWAYAU A,430
1125,RAWAYAU B,430
1126,TSAURI A,430
1127,TSAURI B,430
1128,WURMA A,430
1129,WURMA B,430
1130,BAURANYA A,431
1131,BAURANYA B,431
1132,BOKO,431
1133,DUDUNNI,431
1134,KAIKAI,431
1135,KOFA,431
1136,KUSADA,431
1137,MAWASHI,431
1138,YASHE A,431
1139,YASHE B,431
1140,BUMBUM A,432
1141,BUMBUM B,432
1142,DANYASHE,432
1143,KOZA,432
1144,MAI KONI A,432
1145,MAI KONI B,432
1146,MAIADUA A,432
1147,MAIADUA B,432
1148,MAIADUA C,432
1149,NATSALLE,432
1150,BORIN DAWA,433
1151,DANSARAI,433
1152,DAYI,433
1153,GORAR DANSAKA,433
1154,KARFI,433
1155,MAKAURACHI,433
1156,MALUM FASHI A,433
1157,MALUM FASHI B,433
1158,NA-ALMA,433
1159,RAWAN SANYI,433
1160,YABA,433
1161,YARMAMA,433
1162,BAGIWA,434
1163,BUJAWA/GEWAYAU,434
1164,DUWAN/MAKAU,434
1165,HAMCHETA,434
1166,JANI,434
1167,KWATTA,434
1168,MACHIKA,434
1169,MAGAMI,434
1170,MANI,434
1171,MUDURU,434
1172,TSAGEM/TAKUSHEYI,434
1173,BAMBLE,435
1174,DOGURU A,435
1175,DOGURU B,435
1176,GALLU,435
1177,JIGAWA,435
1178,KARAU,435
1179,MASHI,435
1180,S/RIJIYA,435
1181,SONKAYA,435
1182,TAMILO A,435
1183,TAMILO B,435
1184,DISSI,436
1185,GWARJO,436
1186,KARADUWA,436
1187,KOGARI,436
1188,MATAZU A,436
1189,MATAZU B,436
1190,MAZOJI A,436
1191,MAZOJI B,436
1192,RINJIN IDI,436
1193,SAYAYA,436
1194,DANGANI,437
1195,DANJANKU/KARACHI,437
1196,GARU,437
1197,GINGIN,437
1198,JIKAMSHI,437
1199,KIRA,437
1200,KURKUJAN A,437
1201,KURKUJAN B,437
1202,MUSAWA,437
1203,TUGE,437
1204,YARADAU/TABANNI,437
1205,ABUKUR,438
1206,FARDAMI,438
1207,KADANDANI,438
1208,MAJENGOBIR,438
1209,MAKURDA,438
1210,MASABO/KURABAU,438
1211,REMAWA/IYATAWA,438
1212,RIMI,438
1213,SABON GARIN/ALARAIN,438
1214,TSAGERO,438
1215,DAMARI,439
1216,DUGUN MUAZU,439
1217,GAMJI,439
1218,GAZARI,439
1219,MACHIKA,439
1220,MAIBAKKO,439
1221,RAFIN IWA,439
1222,SABUWA A,439
1223,SABUWA B,439
1224,SAYAU,439
1225,BABBAN DUHU A,440
1226,BABBAN DUHU B,440
1227,BAURE A,440
1228,BAURE B,440
1229,RUNKA A,440
1230,RUNKA B,440
1231,SAFANA,440
1232,TSASKIYA,440
1233,ZAKKA A,440
1234,ZAKKA B,440
1235,DANEJI A,441
1236,DANEJI B,441
1237,FAGO A,441
1238,FAGO B,441
1239,KAGARE,441
1240,KARKARKU,441
1241,KATSAYAL,441
1242,KWASARAWA,441
1243,RADE A,441
1244,RADE B,441
1245,SANDAMU,441
1246,DARGAGE,442
1247,GARNI,442
1248,GWAMBA,442
1249,KANDA,442
1250,KAWARIN KUDI,442
1251,KAWARIN MALAWAMAI,442
1252,ROGOGO/CIDARI,442
1253,SARA,442
1254,YARDAJE,442
1255,ZANGO,442
1256,BARO,533
1257,BOKU,533
1258,DAUACI,533
1259,EKOBADEGGI,533
1260,EKOSSA,533
1261,EKOWUGI,533
1262,EKOWUNA,533
1263,ETSUGAIE,533
1264,KUTIRIKO,533
1265,MAGAJI,533
1266,TAGAGI,533
1267,ADEHE,534
1268,AGWATA,534
1269,BUSURU,534
1270,GALLAH,534
1271,KASHINI,534
1272,KOKOLI,534
1273,MAGO,534
1274,PAPIRI,534
1275,ROFIA,534
1276,SUTEKU,534
1277,BARIKI,535
1278,CENIYAN,535
1279,DOKODZA,535
1280,KYARI,535
1281,LANDZUN,535
1282,MASABA  II,535
1283,MASABA I,535
1284,MASAGA  I,535
1285,MASAGA II,535
1286,MAYAKI NDAJIYA,535
1287,NASSARAFU,535
1288,UMARU MAJIGI  II,535
1289,UMARU/MAJIGI  I,535
1290,WADATA,535
1291,BABANNA,536
1292,DUGGA,536
1293,KABE/PISSA,536
1294,KARABONDE,536
1295,KONKOSO,536
1296,MALALE,536
1297,NEW BUSSA,536
1298,RIVERINE,536
1299,SHAGUNU,536
1300,WAWA,536
1301,LIMAWA A,537
1302,LIMAWA B,537
1303,MAKERA,537
1304,MINNA CENTRAL,537
1305,MINNA SOUTH,537
1306,NASSARAWA A,537
1307,NASSARAWA B,537
1308,NASSARAWA C,537
1309,SABON GARI,537
1310,TUDUN WADA NORTH,537
1311,TUDUN WADA SOUTH,537
1312,ENAGI,538
1313,ETSU TASHA,538
1314,FAZHI,538
1315,GAZHE  I,538
1316,GAZHE  II,538
1317,GBANGBAN,538
1318,GONAGI,538
1319,GUZAN,538
1320,ROKOTA,538
1321,SAKPE,538
1322,BATAGI,539
1323,BATAKO,539
1324,EDOKOTA,539
1325,EDOZHIGI,539
1326,ETSU AUDU,539
1327,GBADAFU,539
1328,GOGATA,539
1329,LEMU,539
1330,NUWANKOTA,539
1331,SAMMAJIKO,539
1332,BONU,540
1333,DIKO,540
1334,GAWU,540
1335,IZOM,540
1336,KABO,540
1337,KWAKA,540
1338,LAMBATA,540
1339,LEFU,540
1340,SHAKO,540
1341,TUFA,540
1342,BADEGGI,541
1343,BAKEKO,541
1344,BISANTI,541
1345,DZWAFU,541
1346,EDOTSU,541
1347,ESSA,541
1348,GBAKOGI,541
1349,KATAREGI,541
1350,KATCHA,541
1351,SIDI SABA,541
1352,AREWA,542
1353,CENTRAL,542
1354,GABAS,542
1355,KUDU,542
1356,MADARA,542
1357,MAGAJIYA,542
1358,MASUGA,542
1359,NAGWAMATSE,542
1360,RAFIN GORA,542
1361,TUNGAN KAWO,542
1362,TUNGANWAWA,542
1363,USALLE,542
1364,YAMMA,542
1365,AREWA/YAMMA,543
1366,BIRNIN MAZA/TASHIBO,543
1367,EBBO/GBACINKU,543
1368,EVUTI/KPADA,543
1369,GULU/ANGUWA VATSA,543
1370,GUPA/ABUGI,543
1371,GURDI/ZAGO,543
1372,KUDU/GABAS,543
1373,MUYE/EGBA,543
1374,TAKUTI/SHAKU,543
1375,BATATI,544
1376,BUSU/KUCHI,544
1377,DABBAN,544
1378,DASSUN,544
1379,DOKO,544
1380,EGBAKO,544
1381,GABA,544
1382,JIMA,544
1383,KUSOTACHI,544
1384,KUTIGI,544
1385,LAGUN,544
1386,MAMBE,544
1387,AUNA CENTRAL,545
1388,AUNA EAST,545
1389,AUNA EAST CENTRAL,545
1390,AUNA SOUTH,545
1391,AUNA SOUTH EAST,545
1392,IBELU CENTRAL,545
1393,IBELU EAST,545
1394,IBELU NORTH,545
1395,IBELU WEST,545
1396,NASKO,545
1397,NASSARAWA,545
1398,BANGI,546
1399,BERI,546
1400,BOBI,546
1401,GALMA/WAMBA,546
1402,GULBIN - BOKA,546
1403,IGWAMA,546
1404,INKWAI,546
1405,KAKIHUM,546
1406,KONTOKORO,546
1407,KUMBASHI,546
1408,MABURYA,546
1409,BABBAN  RAMI,547
1410,DAPANGI/MAKERA,547
1411,IBBI,547
1412,KABOJI,547
1413,KASANGA,547
1414,KULHO,547
1415,KWATACHI,547
1416,MASHEGU,547
1417,MAZAKUKA/LIKORO,547
1418,SAHO-RAMI,547
1419,BOKANI,548
1420,GBAJIBO/MUWO,548
1421,GBARA,548
1422,JAAGI,548
1423,JEBBA NORTH,548
1424,KPAKI/TAKUMA,548
1425,KUDU,548
1426,LABOZHI,548
1427,MOKWA,548
1428,MUREGI,548
1429,RABBA/NDAYAKO,548
1430,BENI,549
1431,DANDAUDU,549
1432,DANGUNU,549
1433,DAZA,549
1434,FUKA,549
1435,GINI,549
1436,GUNI,549
1437,KABULA,549
1438,KAZAI,549
1439,KUCHI,549
1440,SARKIN PAWA,549
1441,ADUNU,550
1442,CHIMBI,550
1443,GWAM,550
1444,ISHAU,550
1445,JERE,550
1446,KAFIN KORO,550
1447,KWAGANA,550
1448,KWAKUTI,550
1449,NIKUCHI T/MALLAM,550
1450,PAIKO CENTRAL,550
1451,TUTUNGO JEDNA,550
1452,KAGARA GARI,551
1453,KAKURI,551
1454,KONGOMA CENTRAL,551
1455,KONGOMA WEST,551
1456,KUNDU,551
1457,KUSHERKI NORTH,551
1458,KUSHIRKI SOUTH,551
1459,SABON GARI,551
1460,TEGINA GARI,551
1461,TEGINA WEST,551
1462,YAKILA,551
1463,DANRANGI,552
1464,DUGGE,552
1465,DUKKU,552
1466,GENU,552
1467,JAMAARE,552
1468,RIJAU,552
1469,SHAMBO,552
1470,T/BUNU,552
1471,T/MAGAJIYA,552
1472,USHE,552
1473,WARARI,552
1474,ALLAWA,553
1475,BANGAJIYA,553
1476,BASSA/KUKOKI,553
1477,EGWA/GWADA,553
1478,ERANA,553
1479,GALKOGO,553
1480,GURMANA,553
1481,GUSSORO,553
1482,KATO,553
1483,KUSHAKA/KUREBE,553
1484,KWAKI/CHUKWUBA,553
1485,MANTA,553
1486,PINA,553
1487,SHE,553
1488,UBANDOMA,553
1489,BAGAMA B,554
1490,BAGMAMA A,554
1491,HASHIMI A,554
1492,HASHIMI B,554
1493,IKU SOUTH I,554
1494,IKU SOUTH II,554
1495,KURMIN SARKI,554
1496,MAGAJIYA,554
1497,MAJE NORTH,554
1498,WAMBAI,554
1499,DOGON KURMI,555
1500,GARAM,555
1501,IJA GWARI,555
1502,IJA KORO,555
1503,IKU,555
1504,NEW BWARI,555
1505,WUSE  EAST,555
1506,WUSE WEST,555
1507,ZUMA EAST,555
1508,ZUMA WEST,555
1509,AKARE,556
1510,BARWA,556
1511,GWARJIKO,556
1512,KANWURI,556
1513,KODO,556
1514,KWATA,556
1515,LOKOGOMA,556
1516,MAITO,556
1517,SABON GARI,556
1518,TUKUNJI/YAMIGI,556
1519,ZUNGERU,556
1520,BEJI,557
1521,BOSSO CENTRAL  I,557
1522,BOSSO CENTRAL  II,557
1523,CHANCHAGA,557
1524,GARATU,557
1525,KAMPALA,557
1526,KODO,557
1527,MAIKUNKELE,557
1528,MAITUMBI,557
1529,SHATA,557
1530,ALAGARNO/JADORI,769
1531,GADIYA,769
1532,GAMAWA,769
1533,GOLOLO,769
1534,KAFIN  ROMI,769
1535,KUBDIYA,769
1536,RAGA,769
1537,TARMASUWA,769
1538,TUMBI,769
1539,UDUBO,769
1540,ZINDI,769
